epoch,train_loss,train_acc,val_loss,val_acc
1,0.16701,0.9310,0.09879,0.9632
2,0.15047,0.9404,0.09732,0.9632
3,0.14877,0.9425,0.09923,0.9610
4,0.15145,0.9395,0.09855,0.9620
5,0.15009,0.9407,0.09939,0.9612
6,0.15157,0.9395,0.09701,0.9630
7,0.15181,0.9398,0.09731,0.9614
8,0.15458,0.9393,0.09919,0.9614
9,0.15339,0.9383,0.10139,0.9570
10,0.15126,0.9377,0.09757,0.9626
